FirstName,LastName,UserName,Password,EmailAdress
Cindie,Heppenspall,cheppenspall0,LruQyCOPg,cheppenspall0@bloomberg.com
Grissel,Twigley,gtwigley1,bWho2Evv5,gtwigley1@youtube.com
Noni,Janousek,njanousek2,uoJ44gpluAI,njanousek2@elegantthemes.com
Camey,Pedrazzi,cpedrazzi3,S4mcjk3oPh,cpedrazzi3@seesaa.net
Jolene,Breens,jbreens4,nEMbxZ9ajU,jbreens4@4shared.com
Benny,Sirl,bsirl5,BRKxsA9LGq,bsirl5@tumblr.com
Neal,Nolton,nnolton6,oi32LNb7,nnolton6@archive.org
Eldredge,Wyllcocks,ewyllcocks7,2OaAXaP,ewyllcocks7@wp.com
Geoffrey,Gilkison,ggilkison8,jFXmffYq,ggilkison8@gizmodo.com
Izaak,Maccree,imaccree9,lRZQiOrYhn6,imaccree9@drupal.org
Nomi,Lightbourn,nlightbourna,m0uXOD1U4o,nlightbourna@github.io
Reube,Zoellner,rzoellnerb,vrxJjSrTNOMc,rzoellnerb@hugedomains.com
Zorah,Garrison,zgarrisonc,SD2kCQgrQbl0,zgarrisonc@tmall.com
Dennie,Attwooll,dattwoolld,f0xpF2wyTlbn,dattwoolld@youku.com
Minetta,Kettoe,mkettoee,bxLKUO,mkettoee@icio.us
Trey,Jovovic,tjovovicf,5cTA8e9,tjovovicf@drupal.org
Lorelei,Eller,lellerg,vwLyFa,lellerg@boston.com
Verine,Jerdan,vjerdanh,1fnzkDF,vjerdanh@joomla.org
Rikki,Woodthorpe,rwoodthorpei,N8DqRbBph,rwoodthorpei@blogspot.com
Tandy,Rudram,trudramj,GQPYQ5Y7Q5gH,trudramj@cnn.com
Trixi,Idel,tidelk,uS55KQh7,tidelk@oracle.com
Hadley,Frantzen,hfrantzenl,E0NvbZ8,hfrantzenl@pen.io
Patrice,Scardefield,pscardefieldm,gMGgF19OZ4iX,pscardefieldm@jugem.jp
Nita,Roizin,nroizinn,VgjiyA,nroizinn@devhub.com
Estelle,Jessett,ejessetto,Kb95iGCQhUi5,ejessetto@gmpg.org
Cord,Oselton,coseltonp,eIWvJp6yD3,coseltonp@barnesandnoble.com
Deeyn,Ledrane,dledraneq,HAsPu3y,dledraneq@instagram.com
Roderick,Crenshaw,rcrenshawr,oBWGHvigbUB,rcrenshawr@redcross.org
Cleavland,Cottrill,ccottrills,iQTfhmDCn7,ccottrills@yellowbook.com
Gus,Ambler,gamblert,cmY3gp,gamblert@xing.com
Daryle,Jelliman,djellimanu,DuZBgfyhEaEP,djellimanu@tamu.edu
Crin,Wootton,cwoottonv,zM91SXql8c7,cwoottonv@example.com
Felicle,Barr,fbarrw,bLuZ9vTesBq1,fbarrw@alibaba.com
Kelwin,Wallege,kwallegex,TJ9OLqPUw,kwallegex@uiuc.edu
Cyrillus,Bernath,cbernathy,mErdIwVUV7o,cbernathy@newsvine.com
Knox,Devany,kdevanyz,e77mEuSnj,kdevanyz@hugedomains.com
Annmarie,Dunkley,adunkley10,gEJc4GyEN4W,adunkley10@altervista.org
Nealy,Hatherall,nhatherall11,92ZWYp,nhatherall11@eepurl.com
Hector,Crackel,hcrackel12,OdFOoinVU9,hcrackel12@harvard.edu
Mickie,Knotton,mknotton13,EVd5eG,mknotton13@who.int
Edward,Campion,ecampion14,ceoRWN6RiJ,ecampion14@go.com
Lenard,Pridding,lpridding15,tYNSnBe,lpridding15@posterous.com
Barney,Olivetti,bolivetti16,gyZg1Pa,bolivetti16@globo.com
Gertrudis,Winscom,gwinscom17,zqpDr995IagH,gwinscom17@cnbc.com
Ora,Haward,ohaward18,NxSkrK,ohaward18@mtv.com
Norry,Whilder,nwhilder19,Nsb8Unl,nwhilder19@mayoclinic.com
Charlene,Barrowcliffe,cbarrowcliffe1a,HLFiuY4R,cbarrowcliffe1a@issuu.com
Casar,MacCrossan,cmaccrossan1b,guZOFUWYmvw,cmaccrossan1b@pcworld.com
Deni,Spens,dspens1c,k3HIpcTCb,dspens1c@yellowpages.com
Randie,Greenway,rgreenway1d,H3tm9E1z3rqm,rgreenway1d@blogtalkradio.com
Ricca,Andreas,randreas1e,tnbjl3JX,randreas1e@yahoo.co.jp
Leoline,Dougill,ldougill1f,hJzcQM,ldougill1f@cbslocal.com
Jedd,Kimmel,jkimmel1g,F7izwqaB5OK,jkimmel1g@hexun.com
Britney,Paquet,bpaquet1h,pc1TwJc,bpaquet1h@blogspot.com
Dannel,Feore,dfeore1i,nkKplkSscN,dfeore1i@cnet.com
Adams,Dickin,adickin1j,5errJqM,adickin1j@youtube.com
Annamarie,Beadnall,abeadnall1k,bfjvA7B,abeadnall1k@lycos.com
Carmelia,Maccree,cmaccree1l,bpcBdwLgu7Rv,cmaccree1l@cyberchimps.com
Val,Kindleside,vkindleside1m,SyE7w0kG,vkindleside1m@ezinearticles.com
Joscelin,Titterrell,jtitterrell1n,cuLs67,jtitterrell1n@msn.com
Beatriz,Goodredge,bgoodredge1o,HznZsuiCGXdY,bgoodredge1o@github.io
Niccolo,Janus,njanus1p,k0mkx6Y,njanus1p@pen.io
Lucita,Theurer,ltheurer1q,AfaztlSZu,ltheurer1q@dedecms.com
Caleb,Beyne,cbeyne1r,LYXhD3Rv5p,cbeyne1r@goo.ne.jp
Rikki,Rampling,rrampling1s,q80QorGK03,rrampling1s@oakley.com
Caterina,Remnant,cremnant1t,UlHMOI0Rz,cremnant1t@sourceforge.net
Pietra,Still,pstill1u,QXbja5,pstill1u@shutterfly.com
Tildy,Mower,tmower1v,qVRT7M,tmower1v@bluehost.com
Barby,Fasler,bfasler1w,VhhAWE,bfasler1w@miitbeian.gov.cn
Isador,Fyers,ifyers1x,emYRtY,ifyers1x@reverbnation.com
Deirdre,Darling,ddarling1y,ZXXJ2ru,ddarling1y@arizona.edu
Sauncho,Nani,snani1z,ffxfx6xJRgg,snani1z@over-blog.com
Royal,Letcher,rletcher20,tQwxIkP,rletcher20@nps.gov
Marita,Eberlein,meberlein21,SOpMDff,meberlein21@narod.ru
Paolina,MacHarg,pmacharg22,FfI6IBMTZUg,pmacharg22@istockphoto.com
Giraud,Batterham,gbatterham23,c5AODUxU,gbatterham23@oaic.gov.au
Becca,Casetti,bcasetti24,jl0l22KpAiR,bcasetti24@tripod.com
Lianna,Eddicott,leddicott25,TXNc1JqUPJS,leddicott25@g.co
Seward,Arman,sarman26,nkutOW,sarman26@fastcompany.com
Micky,Hempel,mhempel27,ZQqDesmgy5,mhempel27@home.pl
Brunhilde,Christophersen,bchristophersen28,eDjuUQsm7t7m,bchristophersen28@de.vu
Herrick,Wrathmell,hwrathmell29,ksgD4A6jhI,hwrathmell29@accuweather.com
Brendin,Kuschel,bkuschel2a,1a0Snd,bkuschel2a@msn.com
Dynah,Kitchenham,dkitchenham2b,fPZNq3Cebrig,dkitchenham2b@acquirethisname.com
Sonny,Venners,svenners2c,o3hOgKt,svenners2c@npr.org
Lissa,Tait,ltait2d,aW9BuVpK3,ltait2d@google.ru
Cori,Reinisch,creinisch2e,9LJCAJM,creinisch2e@friendfeed.com
Sigismondo,Gabbidon,sgabbidon2f,3qO0UZxcpF,sgabbidon2f@infoseek.co.jp
Cyndie,Callister,ccallister2g,jYPMHTZ,ccallister2g@mozilla.com
Tod,Lowensohn,tlowensohn2h,22QsM614Sqs5,tlowensohn2h@tripod.com
Elena,Avrahamov,eavrahamov2i,ohWTxSuD,eavrahamov2i@army.mil
Jakie,Do Rosario,jdorosario2j,Lg0LAYutO,jdorosario2j@mediafire.com
Guinna,Arkow,garkow2k,GkoRXXk6,garkow2k@deliciousdays.com
Kyla,Hailes,khailes2l,2Ze5j6SyMIws,khailes2l@dot.gov
Dionisio,Debold,ddebold2m,DcimJMBJB,ddebold2m@phoca.cz
Ebeneser,Netting,enetting2n,GmDiZG,enetting2n@people.com.cn
Kellen,Stealy,kstealy2o,pS1Acrr,kstealy2o@umich.edu
Samara,Edscer,sedscer2p,dttWPNH,sedscer2p@example.com
Hope,Feye,hfeye2q,V9HPPZH0,hfeye2q@dell.com
Bord,Kinze,bkinze2r,Q7uAfCY2,bkinze2r@scribd.com
